name,profession,prof_categories,nummer_addresses,street_old,street_new,geo_long,geo_lat
Comp,Commissionsgeschäft,Beamte,39,Rue D' Enghien,Rue D' Enghien,2.35066,48.872
Comp,Handelscommissionär,Beamte,26,Rue D' Enghien,Rue D' Enghien,2.35066,48.872
Comp,Commissions- u. Speditionshandel,Beamte,49,Rue D' Enghien,Rue D' Enghien,2.35066,48.872
Comp,"Seidewaaren, Versendungen",Beamte,35,Rue D' Hauteville,Rue D' Hauteville,2.35065,48.8741
Comp,Commissionsgeschäft,Beamte,3,Rue D' Hauteville,Rue D' Hauteville,2.35065,48.8741
Comp,Damenkleider-Anzüge,Beamte,11,Rue D' Hauteville,Rue D' Hauteville,2.35065,48.8741
Comp,Commissions-Handlung,Beamte,49,Rue D' Hauteville,Rue D' Hauteville,2.35065,48.8741
Lindemann J Szanne Comp,Besorgung in Aufträgen für Zuckerwaaren,Beamte,3,Rue D' Hauteville,Rue D' Hauteville,2.35065,48.8741
Comp,Verfertigte Kleidungsstücke,Beamte,17,Rue De La Banque,Rue De La Banque,2.34103,48.8681
Comp,Bankier,Sonstiges,22,Rue De La Chaussée D' Antin,Rue De La Chaussée D' Antin,2.33278,48.8739
Comp,Bankier,Beamte,22,Rue De La Chaussée D' Antin,Rue De La Chaussée D' Antin,2.33278,48.8739
Sen Comp,Niederlage ihrer Klingenthaler Gewehrfabrik,Handel,12,Rue De La Culture-sainte-catherine,Rue Elzévir,2.36156,48.8584
Comp,Porcelanmaler u. Drucker,Handel,17,Rue De La Folie-méricourt,Rue De La Folie-méricourt,2.37095,48.8651
Comp H Leclse-lepley und Cie Sccessers,Hutmachereiartikel,Beamte,65,Rue De La Santé,Rue De La Santé,2.34117,48.8324
Comp,"Commissionsgeschäft in Waaren, Versendungen",Beamte,64,Rue De Bondy,Rue René-boulanger,2.35917,48.8688
Comp,"Vergoldung, Versilberung und Manufactur von Goldarbeiten , alleinige Eigenthümer der Brevet der HH. Elkington u. von Ruolz",Handel,56,Rue De Bondy,Rue René-boulanger,2.35917,48.8688
Comp,Tapezierer u. Schreiner,Handel,59,Rue De Bourbon-villeneuve,Rue D' Aboukir,2.34718,48.8678
Comp,Weinhändler,Beamte,9,Rue De Castiglione,Rue De Castiglione,2.32818,48.8662
Comp,Besorgung für Straßenfuhrwerke,Beamte,15,Rue De Chabrol,Rue De Chabrol,2.3535,48.8769
Comp,Directoren der Kunstschreinerzunft,Sonstiges,5,Rue De Charonne,Rue De Charonne,2.38431,48.8545
Comp,Stickereien,Handel,17,Rue De Cléry,Rue De Cléry,2.34778,48.8685
Comp Nachfolger Von Rox Carré,Merino und Modewaaren,Beamte,17,Rue De Cléry,Rue De Cléry,2.34778,48.8685
Comp,Ochsenfußölfabrik,Handel,52,Rue De Flandre,Avenue De Flandre,2.37514,48.8892
Theilhaber Des Hases Destrem Mallet Ragel Comp,Theilhaber,Beamte,15,Rue De Laval,Rue Victor-massé,2.33884,48.8807
Comp,Klaviermacher,Handel,33,Rue De Laval,Rue Victor-massé,2.33884,48.8807
Comp,Waagenmacher,Handel,73,Rue De Ménilmontant,Rue Oberkampf,2.37633,48.8654
Ggenheim Léon Wwe Comp,Weißwaaren u. Stickereien,Beamte,2,Rue De Mulhouse,Rue De Mulhouse,2.34702,48.8686
Comp,"Nachfolger von Letourneau, Leuchtthurmbaumeister",Selbständig,37,Avenue De Montaigne,Avenue Montaigne,2.30611,48.8667
Comp,Eisen und Maschinen,Beamte,70,Rue De Provence,Rue De Provence,2.33627,48.8742
Comp,Bankier,Beamte,73,Rue De Richelieu,Rue De Richelieu,2.33837,48.868
Comp,Strohhutfabrikant,Handel,7,Rue De Richelieu,Rue De Richelieu,2.33837,48.868
Comp,Papierhandel und Pumpen-Tintenfässerfabrik,Beamte,22,Rue De Rochechouart,Rue Marguerite-de-rochechouart,2.34616,48.8799
Comp,Klavierfabrik,Handel,29,Rue Bergère,Rue Bergère,2.34519,48.8724
Comp,Commissionsgeschäft,Selbständig,1,Rue De Vannes,NULL,0,0
Comp,Uhrmacher,Handel,7,Rue Des Enfants-rouges,Rue Des Archives,2.3578,48.8609
Comp,Waagefabrik,Handel,15,Rue Des Fossés-montmartre,Rue D' Aboukir,2.34718,48.8678
Comp,Schreibmaterialen,Beamte,6,Rue Des Fossés-montmartre,Rue D' Aboukir,2.34718,48.8678
Comp,Schalenfabrik,Handel,41,Rue Des Marais-saint-martin,Rue Albert-thomas,2.36254,48.87
Comp,Porzellanhandlung,Beamte,20,Rue Des Quatre-fils,Rue Des Quatre-fils,2.35917,48.8607
Gebrüder Hber Comp,Fabrik von Plüsch für die Hutmacher,Handel,25,Rue Des Vinaigriers,Rue Des Vinaigriers,2.36083,48.8732
Comp,Electrisch-medicinische Apparate,Beamte,32,Rue Du Bourg L' Abbé,Boulevard De Sébastopol,2.35139,48.8644
Comp,Spitzenfabrik,Handel,23,Rue Du Caire,Rue Du Caire,2.35029,48.8677
Comp,Tuch- und Hutfabrik,Handel,34,Rue Du Château-d' Eau,Rue Du Château-d'eau,2.35969,48.8704
Hecht Gebr Comp,Rohstoffe für Kunstdrechsler,Beamte,7,Rue Du Chaume,Rue Des Archives,2.3578,48.8609
Comp,Kappenmacher,Handel,5,Rue Du Cloître-saint-jacques-l' Hôpital,Rue Pierre-lescot,2.34889,48.8633
Comp,Nadelfabrik,Handel,3,Rue Du Coq-saint-jean,NULL,0,0
Neffe Comp,Schuhwerk,Handel,80,Rue Du Faubourg Poissonnière,Rue Du Faubourg-poissonnière,2.34852,48.8763
Sohn Comp,Klaviermacher,Handel,76,Rue Du Faubourg Saint-antoine,Rue Du Faubourg-saint-antoine,2.38155,48.8504
Comp,Ebenholz-Fabrik,Handel,76,Rue Du Faubourg-saint-martin,Rue Du Faubourg-saint-martin,2.36094,48.8767
Comp,Waffenschmied,Handel,17,Rue Du Helder,Rue Du Helder,2.33494,48.8719
Comp,Schneider,Handel,3,Rue Rossini,Rue Rossini,2.33919,48.8731
Comp,Civilbaumeister,Selbständig,24,Rue Du Ponceau,Rue Du Ponceau,2.35179,48.8668
Comp,Blumenfabrik,Handel,3,Rue Du Sentier,Rue Du Sentier,2.34567,48.8687
Comp,Baumwollenzeug,Beamte,13,Rue Du Sentier,Rue Du Sentier,2.34567,48.8687
Fra Comp,Modeartikel,Beamte,192,Rue Du Temple,Rue Du Temple,2.35657,48.8616
Comp,Porzellanwaaren,Beamte,71,Rue Du Temple,Rue Du Temple,2.35657,48.8616
Comp,Mützenmacherei und Furnituren für Hutmacher,Handel,38,Rue Aumaire,Rue Au Maire,2.35611,48.8647
Comp,Kammmacher,Handel,18,Rue Bergère,Rue Bergère,2.34519,48.8724
Comp,Speditionshandel,Beamte,26,Rue Buffault,Rue Buffault,2.34227,48.8761
Comp,Federn und Schlösser für Wagen und Eisenbahnen,Handel,11,Rue Buffault,Rue Buffault,2.34227,48.8761
Comp,Fabrikant v. hydraulischem Kalk,Beamte,9,Rue Cassette,Rue Cassette,2.33085,48.8498
Comp,Orgelbauer,Handel,57,Rue Charlot,Rue Charlot,2.36292,48.8632
Comp,Apparate für Daguerreotyp-Bilder / Lichtbildermaler,Beamte,50,Rue Saint-georges,Rue Saint-georges,2.3371,48.8763
Comp,Gesellschaft für Anfertigung musikalischer Messing- und Holzinstrumente,Selbständig,4,Rue Geoffroy-marie,Rue Geoffroy-marie,2.34405,48.8735
Comp,Comptoir für die Umsetzung der Industriepapiere,Beamte,1,Rue Jacques-de-brosse,NULL,0,0
Comp,Holländische Käse u. feine Branntweine,Beamte,1,Rue Joquelet,Rue Léon-cladel,2.3429,48.8685
Comp,Schneider,Handel,24,Rue Laffitte,Rue Laffitte,2.33796,48.8739
Comp,Juwelenhandel,Beamte,22,Rue Lamartine,Rue Lamartine,2.34083,48.8766
Vater Comp,"Mechanicus, Bleigießer u. Spitzenmacher",Handel,20,Rue Lepelletier,Rue Le Peletier,2.33901,48.8739
Jn Comp,Kaufmann,Beamte,5,Rue Mauconseil,Rue Mauconseil,2.3471,48.8641
Witwe Comp,"Hosenträger-, Strumpfbänder-,Börsen-, Taschen- und Kamaschen-Fabrikant",Handel,16,Rue Meslay,Rue Meslay,2.35908,48.8679
Comp,"Kaufleute, Bronce u. Ultramarin",Beamte,20,Rue Meslay,Rue Meslay,2.35908,48.8679
Comp,Fab. de mastic Dihl,Handel,39,Rue Montmartre,Rue Montmartre,2.3439,48.8676
Franck Jn Comp,Modewaaren,Beamte,8,Rue Neuve-du-bourg-l' Abbé,Rue Du Bourg L' Abbé,2.35202,48.864
Comp,Commissions- u. Lithographiesteinhandel,Beamte,12,Rue Neuve-du-bourg-l' Abbé,Rue Du Bourg L' Abbé,2.35202,48.864
Comp,"Korsetten, Hemden, Weißzeughandlung",Beamte,11,Rue Neuve-saint-augustin,Rue Daunou,2.33167,48.8694
Pollock Comp Vonertreten Vonon E Delevoninge,Commissionäre,Beamte,15,Rue Pavée-au-marais,Rue Pavée,2.36103,48.8565
Comp,Standuhrensockelfabrik,Handel,15,Rue Pétrelle,Rue Pétrelle,2.34792,48.8807
Comp,Gasmesserfabrik,Handel,76,Rue Popincourt,Rue Popincourt,2.37694,48.8578
Comp,Eisengießerei,Handel,20,Rue Rambuteau,Rue Rambuteau,2.35145,48.8617
Comp,Säckler u. Mützenmacher,Handel,11,Rue Rameau,Rue Rameau,2.33727,48.8678
Comp,Artikel für Schneider,Beamte,364,Rue Saint-denis,Rue Saint-denis,2.35,48.8642
Comp,Handschuhfabrik,Handel,9,Rue Saint-fiacre,Rue Saint-fiacre,2.34548,48.8701
Comp,Wachstuchhandel,Beamte,4,Rue Saint-fiacre,Rue Saint-fiacre,2.34548,48.8701
Comp,Stoffwäscherei,Handel,28,Rue Saint-georges,Rue Saint-georges,2.3371,48.8763
Comp,Bankier,Beamte,38,Rue Saint-georges,Rue Saint-georges,2.3371,48.8763
Comp,Bankier,Beamte,136,Rue Du Faubourg Poissonnière,Rue Du Faubourg-poissonnière,2.34852,48.8763
Comp,Baumeister u. Errichter von Gaswerken,Selbständig,271,Rue Saint-martin,Rue Saint-martin,2.35222,48.8626
Comp,Stoffdruckerei,Handel,163,Rue Saint-martin,Rue Saint-martin,2.35222,48.8626
Comp,Artikel von Rouen im Großen,Beamte,192,Rue Saint-martin,Rue Saint-martin,2.35222,48.8626
Comp,Brieftaschen u. Etuis,Beamte,176,Rue Saint-martin,Rue Saint-martin,2.35222,48.8626
Sen Comp,Artikel von Rouen,Beamte,74,Rue Saint-maur-popincourt,Rue Saint-maur,2.3766,48.8665
Comp,Mechaniker,Handel,28,Rue Saint-paul,Rue Saint-paul,2.36215,48.854
Oeschger Meßbach Comp,Metallhandel,Beamte,8,Rue Saint-sabin,Rue Saint-sabin,2.36937,48.8579
Comp,Stoffdruckerei,Handel,22,Rue Saint-sauveur,Rue Saint-sauveur,2.3489,48.866
Comp,Commissionär,Beamte,29,Rue Du Faubourg-du-temple,Rue Du Faubourg-du-temple,2.37061,48.8698
Comp,Unternehmer der Ausleerung,Selbständig,120,Rue Du Faubourg-saint-martin,Rue Du Faubourg-saint-martin,2.36094,48.8767
Comp,Geruchlose Reinigung der Abtritte,Selbständig,38,Rue Taitbout,Rue Taitbout,2.33523,48.8749
Comp,Klaviermacher,Handel,25,Rue Thévenot,Rue Réaumur,2.34805,48.8672
Gebrüder Comp,Commissionsgeschäft in gewirkten Waaren,Beamte,10,Rue Tronchet,Rue Tronchet,2.32606,48.8722
Comp,Pelzwaaren,Beamte,20,Rue Vendôme,Rue Béranger,2.36375,48.8658
Jn Comp,Commissionsgeschäft in Uhren,Beamte,18,Rue Vivienne,Rue Vivienne,2.33974,48.8684
Comp,Buchhandlung u. Lesekabinet,Beamte,26,Rue Vivienne,Rue Vivienne,2.33974,48.8684
Comp,Geldwechsler,Beamte,15,Rue Des Deux-portes-saint-sauveur,Rue Dussoubs,2.34896,48.8659
Comp,Kaffeehaus Thoniach,Selbständig,47,Avenue De Saint-cloud,Avenue Victor-hugo,2.28381,48.869
Comp,Wagner,Handel,38,Boulevard Beaumarchais,Boulevard Beaumarchais,2.36814,48.8571
Comp,Papier-Niederlage,Beamte,28,Boulevard Bonne-nouvelle,Boulevard De Bonne-nouvelle,2.35032,48.8702
Comp,Commissionär,Beamte,18,Boulevard Des Invalides,Boulevard Des Invalides,2.3146,48.8524
Comp,"Brennholtz, Stein- u. Holzkohlenhandel",Beamte,5,Boulevard Montmartre,Boulevard Montmartre,2.34139,48.8717
Comp,Weinhandlung in Großem,Beamte,6,Boulevard Montmartre,Boulevard Montmartre,2.34139,48.8717
Comp,Handelsmann,Beamte,23,Boulevard Poissonière,Boulevard Poissonnière,2.34538,48.8711
Comp,Bankier,Beamte,23,Boulevard Poissonière,Boulevard Poissonnière,2.34538,48.8711
Comp,Brüderschafts-Verein v. den Limonade-Händlern zur Großen Familie,Selbständig,108,Rue Saint-martin,Rue Saint-martin,2.35222,48.8626
Comp,Thürschließer,Handel,8,Cour Des Miracles,NULL,0,0
Sohn Comp Vonon Mühlhasen,NULL,Beamte,4,Impasse De Mazagran,Rue De Mazagran,2.35161,48.8706
Comp,Buchbinder,Handel,3,Passage Dauphine,Passage Dauphine,2.33867,48.8549
Comp,Ungarische Ledergerberei,Handel,14,Petite Rue De Reuilly,Rue Érard,2.3853,48.8458
Wtb Urban Stterlin Comp,"Unternehmer und Eigenthümer der Manufactur von Mutzig, Depot",Selbständig,12,Rue De La Culture-sainte-catherine,Rue Elzévir,2.36156,48.8584
Comp,Commissions- u. Speditionsgeschäft,Beamte,3,Place Des Victoires,Place Des Victoires,2.34111,48.8658
Comp,Eigenthümer von Granitbrüchen,Beamte,52,Quai De Jemmapes,Quai De Jemmapes,2.36369,48.8748
Comp,Fabrik v. Farbehözern,Handel,129,Route De Montreuil,Rue D' Avron,2.40179,48.8519
Comp,Papierhandlung,Beamte,23,Rue De Cléry,Rue De Cléry,2.34778,48.8685
Comp,Töpfefabrik,Handel,18,Rue Basfroi,Rue Basfroi,2.37918,48.8551
Comp,Bankier,Beamte,17,Rue Bergère,Rue Bergère,2.34519,48.8724
Comp,"Repräsentanten verschiedener Häuser Deutschlands, Belgiens u. der Schweiz",Beamte,32,Rue D' Hauteville,Rue D' Hauteville,2.35065,48.8741
Comp,Bankier,Beamte,26,Rue De La Chaussée D' Antin,Rue De La Chaussée D' Antin,2.33278,48.8739
Comp,Bankier,Beamte,22,Rue De La Chaussée D' Antin,Rue De La Chaussée D' Antin,2.33278,48.8739
Comp,Lithographiestein-Handlung,Beamte,4,Rue De Savoie,Rue De Savoie,2.34144,48.8543
Comp,Buchhandel im Großen,Beamte,21,Rue Des Bons-enfants,Rue Des Bons-enfants,2.33863,48.8635
Comp,Fremde Wollwaaren,Beamte,95,Rue Des Marais,NULL,0,0
Comp,Bankier- und Commissionshandel,Beamte,15,Rue Laffitte,Rue Laffitte,2.33796,48.8739
Gebrüder Comp,Waaren-Commissionäre,Beamte,24,Rue Martel,Rue Martel,2.35305,48.8741
Comp,NULL,Beamte,10,Rue Notre-dame-des-victoires,Rue Notre-dame-des-victoires,2.34175,48.8681
Comp,Commissionsgeschäft,Beamte,13,Rue Poissonnière,Rue Poissonnière,2.34774,48.8689
Comp,Artikel von Paris,Beamte,11,Rue Poissonnière,Rue Poissonnière,2.34774,48.8689
Comp,Stein- und Buchdruckerei,Handel,13,Rue Rougemont,Rue Rougemont,2.34583,48.8717
Comp,Bankier,Beamte,28,Rue Saint-georges,Rue Saint-georges,2.3371,48.8763
Comp,Lichtschirm- und geographische Reliefkarten-Fabrik,Handel,24,Rue Vendôme,Rue Béranger,2.36375,48.8658
Comp,Spiegel- u. Fensterglas,Beamte,34,Rue Vieille-du-temple,Rue Vieille-du-temple,2.36038,48.8597
