"surname","first_name","profession_verbatim","name","rank","houseno","name_old_clean","name_new","geo_long","geo_lat"
"Adam",NULL,"Eigenthümer","Rentner","Chevalier","7","Chemin De Ronde De La Barrière De L' Etoile",NULL,"0","0"
"Brandenstein",NULL,"Finanzbeamter","Beamte","Chevalier",NULL,"Unbekannt","Unbekannt","0","0"
"Dänzer","D.","Apotheker","Handel","Chevalier",NULL,"Unbekannt","Unbekannt","0","0"
"Escher",NULL,"Divisionsinspector der Ehrenlegion","Militär","Chevalier",NULL,"Unbekannt","Unbekannt","0","0"
"Hermann","G.","Mechanikus","Handwerk","Chevalier","92","Rue De Charenton","Rue De Charenton","2.37139","48.8522"
"Kämpfen",NULL,"Arzt","Selbständig","Chevalier","3","Ferme",NULL,"0","0"
"Ritt",NULL,"Oberaufseher des Elementarunterrichts","Selbständig","Chevalier","7","Rue D' Antin","Rue Biot","2.32563","48.8848"
"Meyerbeer","C.","Musik-Componist","Selbständig","Chevalier",NULL,"Unbekannt","Unbekannt","0","0"
"Vogt",NULL,"Gewesener Hoboelehrer am Conservatorium","Selbständig","Chevalier",NULL,"Unbekannt","Unbekannt","0","0"
"Walsh",NULL,"Hauptmann u. Major-Adjutant in dem Invalidenhaus","Militär","Chevalier",NULL,"Unbekannt","Unbekannt","0","0"
"Berger",NULL,"Subsitut bei dem Kriegsrathe","Beamte","Chevalier","26","Rue De Penthièvre","Rue De Penthièvre","2.31548","48.8728"
"Billing","C.",NULL,"Adel","Chevalier","22","Rue D' Anjou-saint-honoré","Rue D' Anjou","2.32213","48.8726"
"Fellmann",NULL,"Kriegsamtinspector","Beamte","Chevalier","37","Rue Godot","Rue Godot-de-mauroy","2.32718","48.8717"
"Fezensac von",NULL,NULL,"Adel","Chevalier","25","Rue Du Faubourg Saint-honoré","Rue Du Faubourg-saint-honoré","2.31839","48.8699"
"Franck",NULL,"Professor der Philosophie","Selbständig","Chevalier","23","Rue De L' Oratoire-du-roule","Rue Washington","2.30298","48.8731"
"Greiller",NULL,"Gewesener Lotterie-Inspector","Beamte","Chevalier","8","Rue De Castiglione","Rue De Castiglione","2.32818","48.8662"
"Hailig","A. S.","Ehemaliger Notarius","Selbständig","Chevalier","16","Rue De Mogador","Rue De Mogador","2.33136","48.8752"
"Hanßmann",NULL,"Eigenthümer","Rentner","Chevalier","170","Rue Du Faubourg Saint-honoré","Rue Du Faubourg-saint-honoré","2.31839","48.8699"
"Heller",NULL,"Arzt","Selbständig","Chevalier","15","Rue Saint -florentin","Rue Saint-florentin","2.32447","48.8678"
"Kolly von",NULL,"Mauth- u. Steuer-Verwalter","Beamte","Chevalier","18","Rue De Miroménil","Rue De Miromesnil","2.3157","48.876"
"Lehmann",NULL,"Geschicht-Maler","Handwerk","Chevalier","5","Rue Neuve-de-berry","Rue De Berri","2.3051","48.8729"
"Mesdagh",NULL,"Vertreter des Hauses Schülssez u. Comp. v. St-Petersburg","Handel","Chevalier","8","Rue De La Ferme-des-mathurins","Rue Vignon","2.32612","48.8707"
"Sahune von",NULL,NULL,"Adel","Chevalier","41","Rue De Luxembourg","Rue Cambon","2.32704","48.8686"
"Wolbock",NULL,NULL,"Adel","Chevalier","10","Rue De Caumartin","Rue De Caumartin","2.32824","48.8725"
"Ziegler",NULL,"Geschichtsmaler","Handwerk","Chevalier","47","Rue De La Bienfaisance","Rue De La Bienfaisance","2.31704","48.8766"
"Zimmermann",NULL,"Klavierlehrer","Selbständig","Chevalier","36","Rue Saint-lazare","Rue Saint-lazare","2.33043","48.8761"
"Fezensac von","G.",NULL,"Adel","Chevalier","31","Rue D' Astorg","Rue D' Astorg","2.31949","48.8731"
"Coppinger","J.","Chef bei der Verwaltung der indirecten Steuern","Beamte","Chevalier","20","Rue Louis-le-grand","Rue Louis-le-grand","2.33258","48.8688"
"Darel",NULL,"Eigenthümer","Rentner","Chevalier","29","Rue De La Rochefoucauld","Rue De La Rochefoucauld","2.33495","48.8796"
"Du Sommerard",NULL,"Rechnungsunterdirector des Finanzministeriums","Beamte","Chevalier","1","Rue De La Michodière","Rue De La Michodière","2.33482","48.8704"
"Galignani","A. U. W.","Buchhandlung u. Lesekabinet","Handel","Chevalier","18","Rue Vivienne","Rue Vivienne","2.33974","48.8684"
"Hase","C.","Verwahrung der Manuscripte der Nationalbibliothek","Beamte","Chevalier","12","Rue De L' Arcade-colbert","Rue Colbert","2.33836","48.8682"
"Hittorff",NULL,"Baumeister der Stadt","Selbständig","Chevalier","40","Rue Lamartine","Rue Lamartine","2.34083","48.8766"
"Hostein","Ed.","Landschaftsmaler","Künstler","Chevalier","25","Rue Blanche","Rue Blanche","2.33142","48.8805"
"Pleyel",NULL,"Klavierfabrik","Handwerk","Chevalier","22","Rue De Rochechouart","Rue Marguerite-de-rochechouart","2.34616","48.8799"
"Massenet",NULL,"Hammerwerkmeister","Handwerk","Chevalier","25","Rue Du Faubourg-montmartre","Rue Du Faubourg-montmartre","2.34263","48.8737"
"Meifred",NULL,"Hornist in dem Musik-Conservatorium","Selbständig","Chevalier","10","Rue Des Martyrs","Rue Des Martyrs","2.33972","48.8821"
"Merger","C.","Director der Lebens- u. Feuer-Versicherungs-Kassen","Selbständig","Chevalier","110","Rue De Richelieu","Rue De Richelieu","2.33837","48.868"
"Wagner","J.","Kunstuhrenmacher","Handwerk","Chevalier","47","Rue Neuve-des-petits-champs","Rue Des Petits-champs","2.33635","48.8669"
"Wagram","Berth.","Senator","Adel","Chevalier","5","Rue De La Rochefoucauld","Rue De La Rochefoucauld","2.33495","48.8796"
"Schaye",NULL,"Beeidigter am Handelsgericht","Beamte","Chevalier","10","Rue Du Faubourg-montmartre","Rue Du Faubourg-montmartre","2.34263","48.8737"
"Sax","Adolph","Gesellschaft für Anfertigung musikalischer Messing- und Holzinstrumente","Selbständig","Chevalier","50","Rue Saint-georges","Rue Saint-georges","2.3371","48.8763"
"Schuler",NULL,"ehemaliger Vorsteher der Registratur","Beamte","Chevalier","12","Rue Laferrière","Rue Laferrière","2.33826","48.8788"
"Adam",NULL,"Advocat","Selbständig","Chevalier","41","Rue Du Faubourg-saint-denis","Rue Du Faubourg-saint-denis","2.35444","48.8731"
"Dollfus-Mieg",NULL,"Wachstuchhandel","Handel","Chevalier","9","Rue Saint-fiacre","Rue Saint-fiacre","2.34548","48.8701"
"Dreyfus","Friedrich","Fabrik neuer Stoffe","Handwerk","Chevalier","28","Rue Du Sentier","Rue Du Sentier","2.34567","48.8687"
"Gaussen jun Fargeton u Comp",NULL,"Schalen","Handel","Chevalier","2","Rue Vide-gousset","Place Des Victoires","2.34111","48.8658"
"Gaussen Maximus u comp",NULL,"Schalenfabrik","Handwerk","Chevalier","1","Rue De La Banque","Rue De La Banque","2.34103","48.8681"
"Mathias","Felix","Baumeister der Eisenbahn des Nordes","Angestellte","Chevalier","23","Rue De Saint-quentin","Rue De Saint-quentin","2.35563","48.8784"
"Bapst","C.",NULL,"Unbekannt","Chevalier","4","Place Du Louvre","Place Du Louvre","2.3405","48.86"
"Quennessen",NULL,"Platinfabrik und chemische Apparate","Handwerk","Chevalier","4","Rue Du Bouloi","Rue Du Bouloi","2.3413","48.8638"
"Vanden-Berghe",NULL,"Kunstmaler","Handwerk","Chevalier","46","Rue De L' Arbre-sec","Rue De L' Arbre-sec","2.34215","48.86"
"Christofle","Ch.","Vergoldung, Versilberung und Manufactur von Goldarbeiten , alleinige Eigenthümer der Brevet der HH. Elkington u. von Ruolz","Handwerk","Chevalier","56","Rue De Bondy","Rue René-boulanger","2.35917","48.8688"
"Wan-Deursen",NULL,"Schwammhändler","Handel","Chevalier","11","Rue Du Renard-saint-sauveur","Rue Greneta","2.35072","48.8652"
"Eck",NULL,"Straßenbaumeister","Selbständig","Chevalier","33","Rue Du Vert-bois","Rue Du Vertbois","2.35737","48.8672"
"Grinfeld",NULL,"Blumenhändler","Handel","Chevalier","25","Rue Sainte-apolline","Rue Sainte-apolline","2.35386","48.869"
"Coulaux",NULL,"Niederlage ihrer Klingenthaler Gewehrfabrik","Handwerk","Chevalier","12","Rue De La Culture-sainte-catherine","Rue Elzévir","2.36156","48.8584"
"Dreymüller",NULL,"Lieutenant der Gendarmerie in Ruhestand","Militär","Chevalier","20","Rue De La Culture-sainte-catherine","Rue Elzévir","2.36156","48.8584"
"Frantz",NULL,"Advocat","Selbständig","Chevalier","5","Rue De Harlay","Rue Des Arquebusiers","2.3666","48.8598"
"Kapler","D. M.","Arzt des Hospitals Saint-Antoine","Angestellte","Chevalier",NULL,"Rue Du Faubourg Saint-antoine","Rue Du Faubourg-saint-antoine","2.38155","48.8504"
"Lapp","E.","Arzt","Selbständig","Chevalier","11","Rue Saint-louis-au-marais","Rue De Turenne","2.36456","48.8606"
"Berger","C.","Seine-Präfect","Beamte","Chevalier",NULL,"Hôtel De Ville","Place De L' Hôtel-de-ville - Esplanade De La Libération","2.35139","48.8567"
"Habert","Ludwig",NULL,"Unbekannt","Chevalier","31","Quai Napoléon","Quai Aux Fleurs","2.35161","48.8542"
"Bormans von",NULL,"Capitän","Militär","Chevalier","73","Rue Du Cherche-midi","Rue Du Cherche-midi","2.32358","48.8479"
"Hesse","A.","Geschichtsmaler","Künstler","Chevalier","3","Rue D' Erfurt",NULL,"0","0"
"Pfund",NULL,"Hauptrechnungsagent der Artillerie im Marine-Mimisterium","Beamte","Chevalier","71","Rue De Bourgogne","Rue De Bourgogne","2.31767","48.8582"
"Keller",NULL,"Wasser-Baumeister","Handwerk","Chevalier","40","Rue Du Bac","Rue Du Bac","2.32639","48.8564"
"Röhn",NULL,"Geschichtsmaler","Handwerk","Chevalier","18","Rue Du Dragon","Rue Du Dragon","2.33098","48.8534"
"Martner",NULL,"Oberstlieutenant","Künstler","Chevalier","138","Rue De Grenelle-saint-germain","Rue De Grenelle","2.31782","48.8575"
"Miller",NULL,"Bibliothekar beim Corps Législatif","Beamte","Chevalier","126","Rue De L' Université","Rue De L' Université","2.31594","48.8609"
"Mohl","Julius","Miglied des Instituts u. Professor der persischen Sprache in dem Collège de France","Selbständig","Chevalier","120","Rue Du Bac","Rue Du Bac","2.32639","48.8564"
"Welter",NULL,NULL,"Unbekannt","Chevalier","159","Rue De Sèvres","Rue Lecourbe","2.29576","48.8405"
"Wurtz",NULL,"Professor der Chemie an der medicinischen Facultät","Selbständig","Chevalier","25","Rue Saint-guillaume","Rue Saint-guillaume","2.32855","48.8543"
"Abraham-Dubois",NULL,"Referendar am Rechnungshofe","Beamte","Chevalier","7","Rue Cassette","Rue Cassette","2.33085","48.8498"
"Beurmann","Jh. Von","Kriegsrathreferent","Beamte","Chevalier","37","Rue Du Cherche-midi","Rue Du Cherche-midi","2.32358","48.8479"
"Drach",NULL,"Briefbote","Beamte","Chevalier","7","Rue Suger","Rue Suger","2.3418","48.853"
"Egger",NULL,"Lehrer der Wissenschaften 
und Conferenzmeister der Normalschule","Selbständig","Chevalier","45","Rue Madame","Rue Madame","2.3317","48.8479"
"Frantz v Lienhard",NULL,"Capitän des Generalstabs","Militär","Chevalier","3","Rue De Savoie","Rue De Savoie","2.34144","48.8543"
"Gebaüer","Ph.","Inspector der Banknotendruckerei der Bank von Frankreich","Beamte","Chevalier","1","Rue Hautefeuille","Rue Hautefeuille","2.34233","48.8519"
"Grün",NULL,"Advocat","Selbständig","Chevalier","6","Rue Des Poitevins","Rue Des Poitevins","2.3426","48.8525"
"Gübauer","Ph.","Inspector der Banknotendruckerei","Beamte","Chevalier","14","Rue Pavée-saint-andré-des-arts","Rue Séguier","2.34201","48.854"
"Mathias",NULL,"Rath u. Ehrenmitglied an dem Appellhofe","Beamte","Chevalier","7","Rue Garancière","Rue Garancière","2.33574","48.8513"
"Trezel",NULL,"Geschichtsmaler","Handwerk","Chevalier","22","Rue Monsieur-le-prince","Rue Monsieur-le-prince","2.33969","48.8504"
"Walferdin",NULL,"Ehemaliger Vorsteher der Mauth","Selbständig","Chevalier","34","Rue Du Montparnasse","Rue Du Montparnasse","2.32661","48.8433"
"Heeckeren von",NULL,"Senator","Adel","Chevalier","84","Rue De La Victoire","Rue De La Victoire","2.33521","48.8752"
"Herz","H.","Professor u. Componist für das Klavier am Conservatorium","Selbständig","Chevalier","48","Rue De La Victoire","Rue De La Victoire","2.33521","48.8752"
"Müller","L. C.",NULL,"Unbekannt","Chevalier","66","Rue De La Victoire","Rue De La Victoire","2.33521","48.8752"
"Müller","L. C.","Aufseher in der Gobelins-Manufactur","Angestellte","Chevalier","254","Rue Mouffetard","Rue Mouffetard","2.34972","48.8419"
"Müller","Ch. L.","Geschichtsmaler","Handwerk","Chevalier","66","Rue De La Victoire","Rue De La Victoire","2.33521","48.8752"
"Weddell",NULL,"Naturforscher am Museum","Selbständig","Chevalier","1","Rue De Poissy","Rue De Poissy","2.35259","48.8492"
"Weldell",NULL,"Professor der Botanik im Gewächsgarten","Selbständig","Chevalier","57","Rue Cuvier","Rue Cuvier","2.35798","48.8453"
"Werner",NULL,"Maler","Handwerk","Chevalier","15","Rue Copeau","Rue Lacépède","2.35187","48.8439"
"Aronssohn","Vict.","Advocat","Selbständig","Chevalier","25","Boulevard Bonne-nouvelle","Boulevard De Bonne-nouvelle","2.35032","48.8702"
"Stapfer","Ch.","Straßen- u. Brücken-Baumeister","Selbständig","Chevalier","17","Rue De Paradis-poissonnière","Rue De Paradis","2.35147","48.8752"
"Erdeven",NULL,NULL,"Unbekannt","Chevalier","10","Rue Des Francs-bourgeois-au-marais","Rue Des Francs-bourgeois","2.36222","48.8571"
"Berger",NULL,"Conferenzmeister der Normalschule","Selbständig","Chevalier","120","Rue Saint-antoine","Rue Saint-antoine","2.36501","48.8539"
"Metmann","Ch.","Rechnungsführer in der Nationaldruckerei","Beamte","Chevalier","87","Rue Vieille-du-temple","Rue Vieille-du-temple","2.36038","48.8597"
"Homberg",NULL,"Baumeister der  Brücken u. Chausseen","Selbständig","Chevalier","12","Rue Du Regard","Rue Du Regard","2.32678","48.8484"
"Schmidt",NULL,"ehemaliger Gesuchberichterstatter","Selbständig","Chevalier","35","Rue De Vaugirard","Rue De Vaugirard","2.31167","48.8428"
"Forster",NULL,"am Insitut, Gravirer","Künstler","Chevalier","4","Rue Royer-collard","Rue Royer-collard","2.34193","48.8457"
"Niel","O.","Bibliothekar an dem Ministerium des Innern","Angestellte","Commandeur",NULL,"Unbekannt","Unbekannt","0","0"
"Reib II","C.","Divisionsaufseher des Straßen- und Brückenbaues","Beamte","Commandeur",NULL,"Galerie De Cherbourg","Rue Joseph-sansbœuf","2.32294","48.8755"
"Schuller","C.","General","Militär","Commandeur","8","Rue De Mogador","Rue De Mogador","2.33136","48.8752"
"Niel","C.","General und Staatsrath","Militär","Commandeur","4","Rue Saint -florentin","Rue Saint-florentin","2.32447","48.8678"
"Lutteroth","Heinr. C.","Rentner","Rentner","Commandeur","14","Place Vendôme","Place Vendôme","2.32944","48.8675"
"Schneider","C.","Vorsteher der Hammerwerke von Creusot u. Deputirter v. Saône-Loire","Selbständig","Commandeur","72","Rue De Provence","Rue De Provence","2.33627","48.8742"
"Schyler","C.","Deputirter von der Gironde","Beamte","Commandeur","19","Quai Voltaire","Quai Voltaire","2.33075","48.859"
"Korte","C.","Divisonsgeneral","Militär","Commandeur","366","Rue Saint-honoré","Rue Saint-honoré","2.33222","48.8647"
"Pradel von","O.",NULL,"Adel","Officier",NULL,"Unbekannt","Unbekannt","0","0"
"Nieuwerkerke von",NULL,"Director des Nationalmuseums","Adel","Officier",NULL,"Au Louvre",NULL,"0","0"
"Adam","A.","Mitglied des Institutes","Unbekannt","Officier","24","Rue Buffault","Rue Buffault","2.34227","48.8761"
"Schetter","Heinr.","Geschichtsmaler","Handwerk","Officier","7","Cité Pigale","Cité Pigalle","2.33388","48.8802"
"Schetter","A.","Maler","Handwerk","Officier","16","Rue Chaptal","Rue Chaptal","2.33303","48.8809"
"Nieuwerkerke von","Ch.",NULL,"Adel","Officier","13","Rue Las-cases","Rue Las Cases","2.32111","48.8582"
"Ordener","G. O.","Senator","Adel","Grand Officier","5","Rue De La Révolte",NULL,"0","0"
"Kisselef von","G. O.","Russischer Gesandte","Beamte","Grand Officier","33","Rue Du Faubourg Saint-honoré","Rue Du Faubourg-saint-honoré","2.31839","48.8699"
"Lövenhielm von","G. O.","Bevollmächtigter Gesandte von Schweden u. Norwegen","Beamte","Grand Officier","74","Rue D' Anjou-saint-honoré","Rue D' Anjou","2.32213","48.8726"
"Rothschild von","Salomon","Bankier","Adel","Grand Officier","17","Rue Laffitte","Rue Laffitte","2.33796","48.8739"
"Rothschild von","Joh. G.O.","General-Consul Oesterreichs","Beamte","Grand Officier","19","Rue Laffitte","Rue Laffitte","2.33796","48.8739"
"Mackau von","G.","Admiral, Senator","Militär","Grand-Croix","7","Rue De Caumartin","Rue De Caumartin","2.32824","48.8725"
"Schramm","G.","Divisionsgeneral, Senator","Militär","Grand-Croix","77","Rue Louis-le-grand","Rue Louis-le-grand","2.33258","48.8688"
