id;name;resolution (DPI);size
1;BHVP_703983_001;300  DPI;1622x2494
2;BHVP_703983_002;300  DPI;1558x2542
3;BHVP_703983_003;300  DPI;1631x2542
4;BHVP_703983_004;300  DPI;1432x2593
5;BHVP_703983_005;300  DPI;1608x2543
6;BHVP_703983_006;300  DPI;1587x2540
7;BHVP_703983_007;300  DPI;1597x2540
8;BHVP_703983_008;300  DPI;1533x2547
9;BHVP_703983_009;300  DPI;1568x2547
10;BHVP_703983_010;300  DPI;1407x2526
11;BHVP_703983_011;300  DPI;1558x2534
12;BHVP_703983_012;300  DPI;1505x2537
13;BHVP_703983_013;300  DPI;1572x2537
14;BHVP_703983_014;300  DPI;1513x2531
15;BHVP_703983_015;300  DPI;1583x2531
16;BHVP_703983_016;300  DPI;1519x2506
17;BHVP_703983_017;300  DPI;1556x2506
18;BHVP_703983_018;300  DPI;1494x2516
19;BHVP_703983_019;300  DPI;1566x2516
20;BHVP_703983_020;300  DPI;1507x2514
21;BHVP_703983_021;300  DPI;1566x2514
22;BHVP_703983_022;300  DPI;1507x2509
23;BHVP_703983_023;300  DPI;1571x2509
24;BHVP_703983_024;300  DPI;1522x2518
25;BHVP_703983_025;300  DPI;1578x2518
26;BHVP_703983_026;300  DPI;1508x2513
27;BHVP_703983_027;300  DPI;1578x2513
28;BHVP_703983_028;300  DPI;1493x2517
29;BHVP_703983_029;300  DPI;1566x2517
30;BHVP_703983_030;300  DPI;1499x2516
31;BHVP_703983_031;300  DPI;1571x2516
32;BHVP_703983_032;300  DPI;1497x2509
33;BHVP_703983_033;300  DPI;1580x2509
34;BHVP_703983_034;300  DPI;1505x2518
35;BHVP_703983_035;300  DPI;1611x2518
36;BHVP_703983_036;300  DPI;1507x2517
37;BHVP_703983_037;300  DPI;1614x2517
38;BHVP_703983_038;300  DPI;1503x2514
39;BHVP_703983_039;300  DPI;1588x2514
40;BHVP_703983_040;300  DPI;1531x2514
41;BHVP_703983_041;300  DPI;1594x2514
42;BHVP_703983_042;300  DPI;1574x2513
43;BHVP_703983_043;300  DPI;1593x2513
44;BHVP_703983_044;300  DPI;1514x2513
45;BHVP_703983_045;300  DPI;1592x2513
46;BHVP_703983_046;300  DPI;1514x2521
47;BHVP_703983_047;300  DPI;1586x2521
48;BHVP_703983_048;300  DPI;1508x2518
49;BHVP_703983_049;300  DPI;1594x2518
50;BHVP_703983_050;300  DPI;1518x2517
51;BHVP_703983_051;300  DPI;1599x2517
52;BHVP_703983_052;300  DPI;1544x2523
53;BHVP_703983_053;300  DPI;1590x2523
54;BHVP_703983_054;300  DPI;1537x2526
55;BHVP_703983_055;300  DPI;1588x2526
56;BHVP_703983_056;300  DPI;1537x2525
57;BHVP_703983_057;300  DPI;1591x2525
58;BHVP_703983_058;300  DPI;1569x2523
59;BHVP_703983_059;300  DPI;1584x2523
60;BHVP_703983_060;300  DPI;1562x2521
61;BHVP_703983_061;300  DPI;1577x2521
62;BHVP_703983_062;300  DPI;1530x2520
63;BHVP_703983_063;300  DPI;1579x2520
64;BHVP_703983_064;300  DPI;1547x2516
65;BHVP_703983_065;300  DPI;1577x2516
66;BHVP_703983_066;300  DPI;1512x2511
67;BHVP_703983_067;300  DPI;1576x2511
68;BHVP_703983_068;300  DPI;1503x2515
69;BHVP_703983_069;300  DPI;1576x2515
70;BHVP_703983_070;300  DPI;1546x2519
71;BHVP_703983_071;300  DPI;1555x2519
72;BHVP_703983_072;300  DPI;1518x2511
73;BHVP_703983_073;300  DPI;1570x2511
74;BHVP_703983_074;300  DPI;1424x2516
75;BHVP_703983_075;300  DPI;1558x2516
76;BHVP_703983_076;300  DPI;1374x2493
77;BHVP_703983_077;300  DPI;1558x2509
78;BHVP_703983_078;300  DPI;1521x2513
79;BHVP_703983_079;300  DPI;1558x2513
80;BHVP_703983_080;300  DPI;1568x2513
81;BHVP_703983_081;300  DPI;1547x2513
82;BHVP_703983_082;300  DPI;1348x2526
83;BHVP_703983_083;300  DPI;1549x2501
84;BHVP_703983_084;300  DPI;1515x2511
85;BHVP_703983_085;300  DPI;1549x2511
86;BHVP_703983_086;300  DPI;1572x2506
87;BHVP_703983_087;300  DPI;1543x2506
88;BHVP_703983_088;300  DPI;1482x2509
89;BHVP_703983_089;300  DPI;1622x2509
90;BHVP_703983_090;300  DPI;1525x2508
91;BHVP_703983_091;300  DPI;1571x2508
92;BHVP_703983_092;300  DPI;1543x2515
93;BHVP_703983_093;300  DPI;1552x2515
94;BHVP_703983_094;300  DPI;1531x2515
95;BHVP_703983_095;300  DPI;1561x2515
96;BHVP_703983_096;300  DPI;1540x2500
97;BHVP_703983_097;300  DPI;1561x2500
98;BHVP_703983_098;300  DPI;1432x2509
99;BHVP_703983_099;300  DPI;1625x2526
100;BHVP_703983_100;300  DPI;1584x2519
101;BHVP_703983_101;300  DPI;1617x2519
102;BHVP_703983_102;300  DPI;1614x2524
103;BHVP_703983_103;300  DPI;1619x2524
104;BHVP_703983_104;300  DPI;1571x2513
105;BHVP_703983_105;300  DPI;1626x2513
106;BHVP_703983_106;300  DPI;1572x2517
107;BHVP_703983_107;300  DPI;1604x2517
108;BHVP_703983_108;300  DPI;1591x2518
109;BHVP_703983_109;300  DPI;1583x2476
110;BHVP_703983_110;300  DPI;1581x2526
111;BHVP_703983_111;300  DPI;1596x2526
112;BHVP_703983_112;300  DPI;1571x2527
113;BHVP_703983_113;300  DPI;1597x2527
114;BHVP_703983_114;300  DPI;1595x2520
115;BHVP_703983_115;300  DPI;1594x2520
116;BHVP_703983_116;300  DPI;1556x2519
117;BHVP_703983_117;300  DPI;1585x2519
118;BHVP_703983_118;300  DPI;1557x2523
119;BHVP_703983_119;300  DPI;1583x2523
120;BHVP_703983_120;300  DPI;1558x2523
121;BHVP_703983_121;300  DPI;1597x2523
122;BHVP_703983_122;300  DPI;1546x2523
123;BHVP_703983_123;300  DPI;1593x2523
124;BHVP_703983_124;300  DPI;1539x2522
125;BHVP_703983_125;300  DPI;1591x2522
126;BHVP_703983_126;300  DPI;1527x2522
127;BHVP_703983_127;300  DPI;1592x2522
128;BHVP_703983_128;300  DPI;1563x2523
129;BHVP_703983_129;300  DPI;1588x2523
130;BHVP_703983_130;300  DPI;1533x2526
131;BHVP_703983_131;300  DPI;1566x2526
132;BHVP_703983_132;300  DPI;1530x2524
133;BHVP_703983_133;300  DPI;1554x2524
134;BHVP_703983_134;300  DPI;1542x2525
135;BHVP_703983_135;300  DPI;1552x2525
136;BHVP_703983_136;300  DPI;1539x2524
137;BHVP_703983_137;300  DPI;1556x2524
138;BHVP_703983_138;300  DPI;1560x2529
139;BHVP_703983_139;300  DPI;1537x2529
140;BHVP_703983_140;300  DPI;1527x2530
141;BHVP_703983_141;300  DPI;1549x2530
142;BHVP_703983_142;300  DPI;1532x2526
143;BHVP_703983_143;300  DPI;1545x2526
144;BHVP_703983_144;300  DPI;1571x2529
145;BHVP_703983_161;300  DPI;1565x2529
146;BHVP_703983_162;300  DPI;1577x2521
147;BHVP_703983_163;300  DPI;1560x2521
148;BHVP_703983_164;300  DPI;1569x2520
149;BHVP_703983_165;300  DPI;1563x2520
150;BHVP_703983_166;300  DPI;1564x2526
151;BHVP_703983_167;300  DPI;1569x2526
152;BHVP_703983_168;300  DPI;1543x2521
153;BHVP_703983_169;300  DPI;1570x2521
154;BHVP_703983_170;300  DPI;1540x2519
155;BHVP_703983_171;300  DPI;1560x2519
156;BHVP_703983_172;300  DPI;1528x2519
157;BHVP_703983_173;300  DPI;1559x2519
158;BHVP_703983_174;300  DPI;1507x2515
159;BHVP_703983_175;300  DPI;1591x2515
160;BHVP_703983_176;300  DPI;1510x2508
161;BHVP_703983_177;300  DPI;1604x2508
162;BHVP_703983_178;300  DPI;1502x2511
163;BHVP_703983_179;300  DPI;1610x2511
164;BHVP_703983_180;300  DPI;1504x2509
165;BHVP_703983_181;300  DPI;1641x2509
166;BHVP_703983_182;300  DPI;1590x2531
167;BHVP_703983_183;300  DPI;1531x2531
168;BHVP_703983_184;300  DPI;1557x2523
169;BHVP_703983_185;300  DPI;1570x2523
170;BHVP_703983_186;300  DPI;1552x2520
171;BHVP_703983_187;300  DPI;1567x2520
172;BHVP_703983_188;300  DPI;1568x2519
173;BHVP_703983_189;300  DPI;1579x2519
174;BHVP_703983_190;300  DPI;1549x2520
175;BHVP_703983_191;300  DPI;1573x2520
176;BHVP_703983_192;300  DPI;1579x2521
177;BHVP_703983_193;300  DPI;1577x2521
178;BHVP_703983_194;300  DPI;1585x2518
179;BHVP_703983_195;300  DPI;1580x2518
180;BHVP_703983_196;300  DPI;1573x2511
181;BHVP_703983_197;300  DPI;1592x2511
182;BHVP_703983_198;300  DPI;1582x2510
183;BHVP_703983_199;300  DPI;1597x2510
184;BHVP_703983_200;300  DPI;1588x2512
185;BHVP_703983_201;300  DPI;1573x2512
186;BHVP_703983_202;300  DPI;1600x2520
187;BHVP_703983_203;300  DPI;1617x2520
188;BHVP_703983_204;300  DPI;1580x2518
189;BHVP_703983_205;300  DPI;1632x2518
190;BHVP_703983_206;300  DPI;1596x2522
191;BHVP_703983_207;300  DPI;1626x2522
192;BHVP_703983_208;300  DPI;1562x2527
193;BHVP_703983_209;300  DPI;1619x2527
194;BHVP_703983_210;300  DPI;1548x2526
195;BHVP_703983_211;300  DPI;1597x2526
196;BHVP_703983_212;300  DPI;1592x2526
197;BHVP_703983_213;300  DPI;1603x2526
198;BHVP_703983_214;300  DPI;1549x2531
199;BHVP_703983_215;300  DPI;1611x2531
200;BHVP_703983_216;300  DPI;1563x2524
201;BHVP_703983_217;300  DPI;1634x2526
202;BHVP_703983_218;300  DPI;1562x2539
203;BHVP_703983_219;300  DPI;1632x2532
204;BHVP_703983_220;300  DPI;1571x2527
205;BHVP_703983_221;300  DPI;1608x2527
206;BHVP_703983_222;300  DPI;1578x2532
207;BHVP_703983_223;300  DPI;1599x2532
208;BHVP_703983_224;300  DPI;1575x2484
209;BHVP_703983_225;300  DPI;1474x2476
210;BHVP_703983_226;300  DPI;1557x2541
211;BHVP_703983_227;300  DPI;1576x2541
212;BHVP_703983_228;300  DPI;1628x2520
213;BHVP_703983_229;300  DPI;1479x2520
214;BHVP_703983_230;300  DPI;1559x2535
215;BHVP_703983_231;300  DPI;1580x2535
216;BHVP_703983_232;300  DPI;1542x2541
217;BHVP_703983_233;300  DPI;1573x2541
218;BHVP_703983_234;300  DPI;1569x2541
219;BHVP_703983_235;300  DPI;1557x2541
220;BHVP_703983_236;300  DPI;1568x2547
221;BHVP_703983_237;300  DPI;1584x2547
222;BHVP_703983_238;300  DPI;1567x2521
223;BHVP_703983_239;300  DPI;1572x2521
224;BHVP_703983_240;300  DPI;1498x2551
225;BHVP_703983_241;300  DPI;1516x2551
226;BHVP_703983_242;300  DPI;1541x2536
227;BHVP_703983_243;300  DPI;1608x2536
228;BHVP_703983_244;300  DPI;1548x2543
229;BHVP_703983_245;300  DPI;1616x2543
230;BHVP_703983_246;300  DPI;1572x2547
231;BHVP_703983_247;300  DPI;1612x2547
232;BHVP_703983_248;300  DPI;1575x2567
233;BHVP_703983_249;300  DPI;1604x2567
234;BHVP_703983_250;300  DPI;1560x2542
235;BHVP_703983_251;300  DPI;1570x2542
236;BHVP_703983_252;300  DPI;1562x2540
237;BHVP_703983_253;300  DPI;1637x2540
238;BHVP_703983_254;300  DPI;1600x2528
239;BHVP_703983_255;300  DPI;1578x2528
240;BHVP_703983_extra_001;300  DPI;2094x2903
241;BHVP_703983_extra_002;300  DPI;2364x3103
242;BHVP_703983_extra_003;300  DPI;1607x2539
243;BHVP_703983_extra_004;300  DPI;1604x2539
244;BHVP_703983_extra_005;300  DPI;1630x2547
245;BHVP_703983_extra_006;300  DPI;1568x2547
246;BHVP_703983_extra_007;300  DPI;1952x3078
