"1","Comp",NULL,"Commissionsgeschäft","Commissionsgeschäft","3","0","0","0"
"2","Comp",NULL,"Handelscommissionär","Handelscommissionär","3","0","0","0"
"3","Comp",NULL,"Commissions- u. Speditionshandel","Commissions- u. Speditionshandel","3","0","0","0"
"4","Comp",NULL,"Seidewaaren, Versendungen","Seidewaaren, Versendungen","3","0","0","0"
"5","Comp",NULL,"Commissionsgeschäft","Commissionsgeschäft","3","0","0","0"
"6","Comp",NULL,"Damenkleider-Anzüge","Damenkleider-Anzüge","3","0","0","0"
"7","Comp",NULL,"Commissions-Handlung","Commissions-Handlung","3","0","0","0"
"8","Lindemann J Szanne Comp",NULL,"Besorgung in Aufträgen für Zuckerwaaren","Besorgung in Aufträgen für Zuckerwaaren","3","0","0","0"
"9","Comp",NULL,"Verfertigte Kleidungsstücke","Verfertigte Kleidungsstücke","3","0","0","0"
"10","Comp",NULL,"Bankier","Bankier","10","0","0","0"
"11","Comp",NULL,"Bankier","Bankier","3","0","0","0"
"12","Sen Comp",NULL,"Niederlage ihrer Klingenthaler Gewehrfabrik","Niederlage ihrer Klingenthaler Gewehrfabrik","4","0","0","0"
"13","Comp",NULL,"Porcelanmaler u. Drucker","Porcelanmaler u. Drucker","4","0","0","0"
"14","Comp H Leclse-lepley und Cie Sccessers",NULL,"Hutmachereiartikel","Hutmachereiartikel","3","0","0","0"
"15","Comp",NULL,"Commissionsgeschäft in Waaren, Versendungen","Commissionsgeschäft","3","0","0","0"
"16","Comp",NULL,"Vergoldung, Versilberung und Manufactur von Goldarbeiten , alleinige Eigenthümer der Brevet der HH. Elkington u. von Ruolz","Vergoldung, Versilberung und Manufactur von Goldarbeiten , alleinige Eigenthümer der Brevet der HH. Elkington u. von Ruolz","4","0","0","0"
"17","Comp",NULL,"Tapezierer u. Schreiner","Tapezierer u. Schreiner","4","0","0","0"
"18","Comp",NULL,"Weinhändler","Weinhändler","3","0","0","0"
"19","Comp",NULL,"Besorgung für Straßenfuhrwerke","Besorgung für Straßenfuhrwerke","3","0","0","0"
"20","Comp",NULL,"Directoren der Kunstschreinerzunft","Directoren der Kunstschreinerzunft","10","0","0","0"
"21","Comp",NULL,"Stickereien","Stickereien","4","0","0","0"
"22","Comp Nachfolger Von Rox Carré",NULL,"Merino und Modewaaren","Merino und Modewaaren","3","0","0","0"
"23","Comp",NULL,"Ochsenfußölfabrik","Ochsenfußölfabrik","4","0","0","0"
"24","Theilhaber Des Hases Destrem Mallet Ragel Comp",NULL,"Theilhaber","Theilhaber","3","0","0","0"
"25","Comp",NULL,"Klaviermacher","Klaviermacher","4","0","0","0"
"26","Comp",NULL,"Waagenmacher","Waagenmacher","4","0","0","0"
"27","Ggenheim Léon Wwe Comp",NULL,"Weißwaaren u. Stickereien","Weißwaaren u. Stickereien","3","0","0","0"
"28","Comp",NULL,"Nachfolger von Letourneau, Leuchtthurmbaumeister","Nachfolger von Letourneau, Leuchtthurmbaumeister","9","0","0","0"
"29","Comp",NULL,"Eisen und Maschinen","Eisen und Maschinen","3","0","0","0"
"30","Comp",NULL,"Bankier","Bankier","3","0","0","0"
"31","Vonom Hase Wittwe Platel Comp",NULL,NULL,NULL,NULL,"0","0","0"
"32","Comp",NULL,"Strohhutfabrikant","Strohhutfabrikant","4","0","0","0"
"33","Comp",NULL,"Papierhandel und Pumpen-Tintenfässerfabrik","Papierhandel und Pumpen-Tintenfässerfabrik","3","0","0","0"
"34","Comp",NULL,"Klavierfabrik","Klavierfabrik","4","0","0","0"
"35","Comp",NULL,"Commissionsgeschäft","Commissionsgeschäft","9","0","0","0"
"36","Comp",NULL,"Uhrmacher","Uhrmacher","4","0","0","0"
"37","Comp",NULL,"Waagefabrik","Waagefabrik","4","0","0","0"
"38","Comp",NULL,"Schreibmaterialen","Schreibmaterialen","3","0","0","0"
"39","Comp",NULL,"Schalenfabrik","Schalenfabrik","4","0","0","0"
"40","Comp",NULL,"Porzellanhandlung","Porzellanhandlung","3","0","0","0"
"41","Gebrüder Hber Comp",NULL,"Fabrik von Plüsch für die Hutmacher","Fabrik von Plüsch für die Hutmacher","4","0","0","0"
"42","Comp",NULL,"Electrisch-medicinische Apparate","Electrisch-medicinische Apparate","3","0","0","0"
"43","Comp",NULL,"Spitzenfabrik","Spitzenfabrik","4","0","0","0"
"44","Comp",NULL,"Tuch- und Hutfabrik","Tuch- und Hutfabrik","4","0","0","0"
"45","Hecht Gebr Comp",NULL,"Rohstoffe für Kunstdrechsler","Rohstoffe für Kunstdrechsler","3","0","0","0"
"46","Comp",NULL,"Kappenmacher","Kappenmacher","4","0","0","0"
"47","Comp",NULL,"Nadelfabrik","Nadelfabrik","4","0","0","0"
"48","Neffe Comp",NULL,"Schuhwerk","Schuhwerk","4","0","0","0"
"49","Sohn Comp",NULL,"Klaviermacher","Klaviermacher","4","0","0","0"
"50","Comp",NULL,"Ebenholz-Fabrik","Ebenholz-Fabrik","4","0","0","0"
"51","Comp",NULL,"Waffenschmied","Waffenschmied","4","0","0","0"
"52","Comp",NULL,"Schneider","Schneider","4","0","0","0"
"53","Comp",NULL,"Civilbaumeister","Civilbaumeister","9","0","0","0"
"54","Comp",NULL,"Blumenfabrik","Blumenfabrik","4","0","0","0"
"55","Comp",NULL,"Baumwollenzeug","Baumwollenzeug","3","0","0","0"
"56","Fra Comp",NULL,"Modeartikel","Modeartikel","3","0","0","0"
"57","Comp",NULL,"Porzellanwaaren","Porzellanwaaren","3","0","0","0"
"58","Comp",NULL,"Mützenmacherei und Furnituren für Hutmacher","Mützenmacherei und Furnituren für Hutmacher","4","0","0","0"
"59","Comp",NULL,"Kammmacher","Kammmacher","4","0","0","0"
"60","Comp",NULL,"Speditionshandel","Commissions- u. Speditionshandel","3","0","0","0"
"61","Comp",NULL,"Federn und Schlösser für Wagen und Eisenbahnen","Federn und Schlösser für Wagen und Eisenbahnen","4","0","0","0"
"62","Comp",NULL,"Fabrikant v. hydraulischem Kalk","Fabrikant v. hydraulischem Kalk","3","0","0","0"
"63","Comp",NULL,"Orgelbauer","Orgelbauer","4","0","0","0"
"64","Comp",NULL,"Apparate für Daguerreotyp-Bilder / Lichtbildermaler","Apparate für Daguerreotyp-Bilder / Lichtbildermaler","3","0","0","0"
"65","Comp",NULL,"Gesellschaft für Anfertigung musikalischer Messing- und Holzinstrumente","Gesellschaft für Anfertigung musikalischer Messing- und Holzinstrumente","9","0","0","0"
"66","Comp",NULL,"Comptoir für die Umsetzung der Industriepapiere","Comptoir für die Umsetzung der Industriepapiere","3","0","0","0"
"67","Comp",NULL,"Holländische Käse u. feine Branntweine","Holländische Käse u. feine Branntweine","3","0","0","0"
"68","Comp",NULL,"Schneider","Schneider","4","0","0","0"
"69","Comp",NULL,"Juwelenhandel","Juwelenhandel","3","0","0","0"
"70","Vater Comp",NULL,"Mechanicus, Bleigießer u. Spitzenmacher","Mechanicus, Bleigießer u. Spitzenmacher","4","0","0","0"
"71","Jn Comp",NULL,"Kaufmann","Kaufmann","3","0","0","0"
"72","Witwe Comp",NULL,"Hosenträger-, Strumpfbänder-,Börsen-, Taschen- und Kamaschen-Fabrikant","Hosenträger-, Strumpfbänder-,Börsen-, Taschen- und Kamaschen-Fabrikant","4","0","0","0"
"73","Comp",NULL,"Kaufleute, Bronce u. Ultramarin","Kaufleute, Bronce u. Ultramarin","3","0","0","0"
"74","Comp",NULL,"Fab. de mastic Dihl","Fab. de mastic Dihl","4","0","0","0"
"75","Franck Jn Comp",NULL,"Modewaaren","Modewaaren","3","0","0","0"
"76","Comp",NULL,"Commissions- u. Lithographiesteinhandel","Commissions- u. Lithographiesteinhandel","3","0","0","0"
"77","Comp",NULL,"Korsetten, Hemden, Weißzeughandlung","Korsetten, Hemden, Weißzeughandlung","3","0","0","0"
"78","Pollock Comp Vonertreten Vonon E Delevoninge",NULL,"Commissionäre","Commissionär","3","0","0","0"
"79","Comp",NULL,"Standuhrensockelfabrik","Standuhrensockelfabrik","4","0","0","0"
"80","Comp",NULL,"Gasmesserfabrik","Gasmesserfabrik","4","0","0","0"
"81","Comp",NULL,"Eisengießerei","Eisengießerei","4","0","0","0"
"82","Comp",NULL,"Säckler u. Mützenmacher","Säckler u. Mützenmacher","4","0","0","0"
"83","Comp",NULL,"Artikel für Schneider","Artikel","3","0","0","0"
"84","Comp",NULL,"Handschuhfabrik","Handschuhfabrik","4","0","0","0"
"85","Comp",NULL,"Wachstuchhandel","Wachstuchhandel","3","0","0","0"
"86","Comp",NULL,"Stoffwäscherei","Stoffwäscherei","4","0","0","0"
"87","Comp",NULL,"Bankier","Bankier","3","0","0","0"
"88","Comp",NULL,"Bankier","Bankier","3","0","0","0"
"89","Comp",NULL,"Baumeister u. Errichter von Gaswerken","Baumeister u. Errichter von Gaswerken","9","0","0","0"
"90","Comp",NULL,"Stoffdruckerei","Stoffdruckerei","4","0","0","0"
"91","Comp",NULL,"Artikel von Rouen im Großen","Artikel","3","0","0","0"
"92","Comp",NULL,"Brieftaschen u. Etuis","Brieftaschen u. Etuis","3","0","0","0"
"93","Sen Comp",NULL,"Artikel von Rouen","Artikel","3","0","0","0"
"94","Comp",NULL,"Mechaniker","Mechaniker","4","0","0","0"
"95","Oeschger Meßbach Comp",NULL,"Metallhandel","Metallhandel","3","0","0","0"
"96","Comp",NULL,"Stoffdruckerei","Stoffdruckerei","4","0","0","0"
"97","Comp",NULL,"Commissionär","Commissionär","3","0","0","0"
"98","Comp",NULL,"Unternehmer der Ausleerung","Unternehmer der Ausleerung","9","0","0","0"
"99","Comp",NULL,"Geruchlose Reinigung der Abtritte","Geruchlose Reinigung der Abtritte","9","0","0","0"
"100","Comp",NULL,"Klaviermacher","Klaviermacher","4","0","0","0"
"101","Gebrüder Comp",NULL,"Commissionsgeschäft in gewirkten Waaren","Commissionsgeschäft","3","0","0","0"
"102","Comp",NULL,"Pelzwaaren","Pelzwaaren","3","0","0","0"
"103","Jn Comp",NULL,"Commissionsgeschäft in Uhren","Commissionsgeschäft","3","0","0","0"
"104","Comp",NULL,"Buchhandlung u. Lesekabinet","Buchhandlung u. Lesekabinet","3","0","0","0"
"105","Comp",NULL,"Geldwechsler","Geldwechsler","3","0","0","0"
"106","Comp",NULL,"Kaffeehaus Thoniach","Kaffeehaus Thoniach","9","0","0","0"
"107","Comp",NULL,"Wagner","Wagner","4","0","0","0"
"108","Comp",NULL,"Papier-Niederlage","Papier-Niederlage","3","0","0","0"
"109","Comp",NULL,"Commissionär","Commissionär","3","0","0","0"
"110","Comp",NULL,"Brennholtz, Stein- u. Holzkohlenhandel","Brennholtz, Stein- u. Holzkohlenhandel","3","0","0","0"
"111","Comp",NULL,"Weinhandlung in Großem","Weinhandlung in Großem","3","0","0","0"
"112","Comp",NULL,"Handelsmann","Handelsmann","3","0","0","0"
"113","Comp",NULL,"Bankier","Bankier","3","0","0","0"
"114","Comp",NULL,"Brüderschafts-Verein v. den Limonade-Händlern zur Großen Familie","Brüderschafts-Verein v. den Limonade-Händlern zur Großen Familie","9","0","0","0"
"115","Comp",NULL,"Thürschließer","Thürschließer","4","0","0","0"
"116","Sohn Comp Vonon Mühlhasen",NULL,NULL,NULL,"3","0","0","0"
"117","Comp",NULL,"Buchbinder","Buchbinder","4","0","0","0"
"118","Comp",NULL,"Ungarische Ledergerberei","Ungarische Ledergerberei","4","0","0","0"
"119","Wtb Urban Stterlin Comp",NULL,"Unternehmer und Eigenthümer der Manufactur von Mutzig, Depot","Unternehmer und Eigenthümer der Manufactur von Mutzig, Depot","9","0","0","0"
"120","Comp",NULL,"Commissions- u. Speditionsgeschäft","Commissions- u. Speditionsgeschäft","3","0","0","0"
"121","Comp",NULL,"Eigenthümer von Granitbrüchen","Eigenthümer von Granitbrüchen","3","0","0","0"
"122","Comp",NULL,"Fabrik v. Farbehözern","Fabrik v. Farbehözern","4","0","0","0"
"123","Comp",NULL,"Papierhandlung","Papierhandlung","3","0","0","0"
"124","Comp",NULL,"Töpfefabrik","Töpfefabrik","4","0","0","0"
"125","Comp",NULL,"Bankier","Bankier","3","0","0","0"
"126","Comp",NULL,"Repräsentanten verschiedener Häuser Deutschlands, Belgiens u. der Schweiz","Repräsentanten verschiedener Häuser Deutschlands, Belgiens u. der Schweiz","3","0","0","0"
"127","Comp",NULL,"Bankier","Bankier","3","0","0","0"
"128","Comp",NULL,"Bankier","Bankier","3","0","0","0"
"129","Comp",NULL,"Lithographiestein-Handlung","Lithographiestein-Handlung","3","0","0","0"
"130","Comp",NULL,"Buchhandel im Großen","Buchhandel im Großen","3","0","0","0"
"131","Comp",NULL,"Fremde Wollwaaren","Fremde Wollwaaren","3","0","0","0"
"132","Comp",NULL,"Bankier- und Commissionshandel","Bankier- und Commissionshandel","3","0","0","0"
"133","Gebrüder Comp",NULL,"Waaren-Commissionäre","Commissionär","3","0","0","0"
"134","Comp",NULL,NULL,NULL,"3","0","0","0"
"135","Comp",NULL,"Commissionsgeschäft","Commissionsgeschäft","3","0","0","0"
"136","Comp",NULL,"Artikel von Paris","Artikel","3","0","0","0"
"137","Comp",NULL,"Stein- und Buchdruckerei","Stein- und Buchdruckerei","4","0","0","0"
"138","Comp",NULL,"Bankier","Bankier","3","0","0","0"
"139","Comp",NULL,"Lichtschirm- und geographische Reliefkarten-Fabrik","Lichtschirm- und geographische Reliefkarten-Fabrik","4","0","0","0"
"140","Comp",NULL,"Spiegel- u. Fensterglas","Spiegel- u. Fensterglas","3","0","0","0"
