"id","scan_no","begin_page_no","end_page_no"
"1","BHVP_703983_1","1","1"
"2","BHVP_703983_2","2","2"
"3","BHVP_703983_3","3","3"
"4","BHVP_703983_4","4","4"
"5","BHVP_703983_5","5","5"
"6","BHVP_703983_6","6","6"
"7","BHVP_703983_7","7","7"
"8","BHVP_703983_8","8","8"
"9","BHVP_703983_9","9","9"
"10","BHVP_703983_10","10","10"
"11","BHVP_703983_11","11","11"
"12","BHVP_703983_12","12","12"
"13","BHVP_703983_13","13","13"
"14","BHVP_703983_14","14","14"
"15","BHVP_703983_15","15","15"
"16","BHVP_703983_16","16","16"
"17","BHVP_703983_17","17","17"
"18","BHVP_703983_18","18","18"
"19","BHVP_703983_19","19","19"
"20","BHVP_703983_20","20","20"
"21","BHVP_703983_21","21","21"
"22","BHVP_703983_22","22","22"
"23","BHVP_703983_23","23","23"
"24","BHVP_703983_24","24","24"
"25","BHVP_703983_25","25","25"
"26","BHVP_703983_26","26","26"
"27","BHVP_703983_27","27","27"
"28","BHVP_703983_28","28","28"
"29","BHVP_703983_29","29","29"
"30","BHVP_703983_30","30","30"
"31","BHVP_703983_31","31","31"
"32","BHVP_703983_32","32","32"
"33","BHVP_703983_33","33","33"
"34","BHVP_703983_34","34","34"
"35","BHVP_703983_35","35","35"
"36","BHVP_703983_36","36","36"
"37","BHVP_703983_37","37","37"
"38","BHVP_703983_38","38","38"
"39","BHVP_703983_39","39","39"
"40","BHVP_703983_40","40","40"
"41","BHVP_703983_41","41","41"
"42","BHVP_703983_42","42","42"
"43","BHVP_703983_43","43","43"
"44","BHVP_703983_44","44","44"
"45","BHVP_703983_45","45","45"
"46","BHVP_703983_46","46","46"
"47","BHVP_703983_47","47","47"
"48","BHVP_703983_48","48","48"
"49","BHVP_703983_49","49","49"
"50","BHVP_703983_50","50","50"
"51","BHVP_703983_51","51","51"
"52","BHVP_703983_52","52","52"
"53","BHVP_703983_53","53","53"
"54","BHVP_703983_54","54","54"
"55","BHVP_703983_55","55","55"
"56","BHVP_703983_56","56","56"
"57","BHVP_703983_57","57","57"
"58","BHVP_703983_58","58","58"
"59","BHVP_703983_59","59","59"
"60","BHVP_703983_60","60","60"
"61","BHVP_703983_61","61","61"
"62","BHVP_703983_62","62","62"
"63","BHVP_703983_63","63","63"
"64","BHVP_703983_64","64","64"
"65","BHVP_703983_65","65","65"
"66","BHVP_703983_66","66","66"
"67","BHVP_703983_67","67","67"
"68","BHVP_703983_68","68","68"
"69","BHVP_703983_69","69","69"
"70","BHVP_703983_70","70","70"
"71","BHVP_703983_71","71","71"
"72","BHVP_703983_72","72","72"
"73","BHVP_703983_73","73","73"
"74","BHVP_703983_74","74","74"
"75","BHVP_703983_75","75","75"
"76","BHVP_703983_76","76","76"
"77","BHVP_703983_77","77","77"
"78","BHVP_703983_78","78","78"
"79","BHVP_703983_79","79","79"
"80","BHVP_703983_80","80","80"
"81","BHVP_703983_81","81","81"
"82","BHVP_703983_82","82","82"
"83","BHVP_703983_83","83","83"
"84","BHVP_703983_84","84","84"
"85","BHVP_703983_85","85","85"
"86","BHVP_703983_86","86","86"
"87","BHVP_703983_87","87","87"
"88","BHVP_703983_88","88","88"
"89","BHVP_703983_89","89","89"
"90","BHVP_703983_90","90","90"
"91","BHVP_703983_91","91","91"
"92","BHVP_703983_92","92","92"
"93","BHVP_703983_93","93","93"
"94","BHVP_703983_94","94","94"
"95","BHVP_703983_95","95","95"
"96","BHVP_703983_96","96","96"
"97","BHVP_703983_97","97","97"
"98","BHVP_703983_98","98","98"
"99","BHVP_703983_99","99","99"
"100","BHVP_703983_100","100","100"
"101","BHVP_703983_101","101","101"
"102","BHVP_703983_102","102","102"
"103","BHVP_703983_103","103","103"
"104","BHVP_703983_104","104","104"
"105","BHVP_703983_105","105","105"
"106","BHVP_703983_106","106","106"
"107","BHVP_703983_107","107","107"
"108","BHVP_703983_108","108","108"
"109","BHVP_703983_109","109","109"
"110","BHVP_703983_110","110","110"
"111","BHVP_703983_111","111","111"
"112","BHVP_703983_112","112","112"
"113","BHVP_703983_113","113","113"
"114","BHVP_703983_114","114","114"
"115","BHVP_703983_115","115","115"
"116","BHVP_703983_116","116","116"
"117","BHVP_703983_117","117","117"
"118","BHVP_703983_118","118","118"
"119","BHVP_703983_119","119","119"
"120","BHVP_703983_120","120","120"
"121","BHVP_703983_121","121","121"
"122","BHVP_703983_122","122","122"
"123","BHVP_703983_123","123","123"
"124","BHVP_703983_124","124","124"
"125","BHVP_703983_125","125","125"
"126","BHVP_703983_126","126","126"
"127","BHVP_703983_127","127","127"
"128","BHVP_703983_128","128","128"
"129","BHVP_703983_129","129","129"
"130","BHVP_703983_130","130","130"
"131","BHVP_703983_131","131","131"
"132","BHVP_703983_132","132","132"
"133","BHVP_703983_133","133","133"
"134","BHVP_703983_134","134","134"
"135","BHVP_703983_135","135","135"
"136","BHVP_703983_136","136","136"
"137","BHVP_703983_137","137","137"
"138","BHVP_703983_138","138","138"
"139","BHVP_703983_139","139","139"
"140","BHVP_703983_140","140","140"
"141","BHVP_703983_141","141","141"
"142","BHVP_703983_142","142","142"
"143","BHVP_703983_143","143","143"
"144","BHVP_703983_144","144","144"
"161","BHVP_703983_161","161","161"
"162","BHVP_703983_162","162","162"
"163","BHVP_703983_163","163","163"
"164","BHVP_703983_164","164","164"
"165","BHVP_703983_165","165","165"
"166","BHVP_703983_166","166","166"
"167","BHVP_703983_167","167","167"
"168","BHVP_703983_168","168","168"
"169","BHVP_703983_169","169","169"
"170","BHVP_703983_170","170","170"
"171","BHVP_703983_171","171","171"
"172","BHVP_703983_172","172","172"
"173","BHVP_703983_173","173","173"
"174","BHVP_703983_174","174","174"
"175","BHVP_703983_175","175","175"
"176","BHVP_703983_176","176","176"
"177","BHVP_703983_177","177","177"
"178","BHVP_703983_178","178","178"
"179","BHVP_703983_179","179","179"
"180","BHVP_703983_180","180","180"
"181","BHVP_703983_181","181","181"
"182","BHVP_703983_182","182","182"
"183","BHVP_703983_183","183","183"
"184","BHVP_703983_184","184","184"
"185","BHVP_703983_185","185","185"
"186","BHVP_703983_186","186","186"
"187","BHVP_703983_187","187","187"
"188","BHVP_703983_188","188","188"
"189","BHVP_703983_189","189","189"
"190","BHVP_703983_190","190","190"
"191","BHVP_703983_191","191","191"
"192","BHVP_703983_192","192","192"
"193","BHVP_703983_193","193","193"
"194","BHVP_703983_194","194","194"
"195","BHVP_703983_195","195","195"
"196","BHVP_703983_196","196","196"
"197","BHVP_703983_197","197","197"
"198","BHVP_703983_198","198","198"
"199","BHVP_703983_199","199","199"
"200","BHVP_703983_200","200","200"
"201","BHVP_703983_201","201","201"
"202","BHVP_703983_202","202","202"
"203","BHVP_703983_203","203","203"
"204","BHVP_703983_204","204","204"
"205","BHVP_703983_205","205","205"
"206","BHVP_703983_206","206","206"
"207","BHVP_703983_207","207","207"
"208","BHVP_703983_208","208","208"
"209","BHVP_703983_209","209","209"
"210","BHVP_703983_210","210","210"
"211","BHVP_703983_211","211","211"
"212","BHVP_703983_212","212","212"
"213","BHVP_703983_213","213","213"
"214","BHVP_703983_214","214","214"
"215","BHVP_703983_215","215","215"
"216","BHVP_703983_216","216","216"
"217","BHVP_703983_217","217","217"
"218","BHVP_703983_218","218","218"
"219","BHVP_703983_219","219","219"
"220","BHVP_703983_220","220","220"
"221","BHVP_703983_221","221","221"
"222","BHVP_703983_222","222","222"
"223","BHVP_703983_223","223","223"
"224","BHVP_703983_224","224","224"
"225","BHVP_703983_225","225","225"
"226","BHVP_703983_226","226","226"
"227","BHVP_703983_227","227","227"
"228","BHVP_703983_228","228","228"
"229","BHVP_703983_229","229","229"
"230","BHVP_703983_230","230","230"
"231","BHVP_703983_231","231","231"
"232","BHVP_703983_232","232","232"
"233","BHVP_703983_233","233","233"
"234","BHVP_703983_234","234","234"
"235","BHVP_703983_235","235","235"
"236","BHVP_703983_236","236","236"
"237","BHVP_703983_237","237","237"
"238","BHVP_703983_238","238","238"
"239","BHVP_703983_239","239","239"
"240","BHVP_703983_240","240","240"
"241","BHVP_703983_241","241","241"
"242","BHVP_703983_242","242","242"
"243","BHVP_703983_243","243","243"
"244","BHVP_703983_244","244","244"
"245","BHVP_703983_245","245","245"
"246","BHVP_703983_246","246","246"
"247","BHVP_703983_247","247","247"
"248","BHVP_703983_248","248","248"
"249","BHVP_703983_249","249","249"
"250","BHVP_703983_250","250","250"
"251","BHVP_703983_251","251","251"
"252","BHVP_703983_252","252","252"
"253","BHVP_703983_253","253","253"
"254","BHVP_703983_254","254","254"
"255","BHVP_703983_255","255","255"
"256","BHVP_703983_extra_001","0","0"
"257","BHVP_703983_extra_002","0","0"
"258","BHVP_703983_extra_003","0","0"
"259","BHVP_703983_extra_004","0","0"
"260","BHVP_703983_extra_005","0","0"
"261","BHVP_703983_extra_006","0","0"
"262","BHVP_703983_extra_007","0","0"
