"company_id","person_id"
"67","4"
"115","28"
"23","53"
"131","76"
"122","142"
"107","190"
"102","364"
"18","464"
"28","669"
"35","792"
"66","819"
"31","844"
"127","857"
"128","902"
"137","904"
"71","939"
"87","964"
"138","966"
"61","984"
"104","1004"
"52","1073"
"125","1145"
"34","1216"
"24","1230"
"88","1263"
"53","1268"
"32","1290"
"25","1306"
"112","1374"
"83","1422"
"11","1462"
"111","1498"
"62","1508"
"65","1527"
"100","1530"
"29","1571"
"80","1605"
"30","1642"
"69","1655"
"33","1661"
"105","1682"
"113","1694"
"60","1696"
"70","1703"
"10","1722"
"132","1726"
"4","1741"
"1","1749"
"49","1756"
"133","1761"
"5","1763"
"36","1766"
"134","1775"
"85","1784"
"38","1789"
"75","1807"
"27","1826"
"126","1833"
"2","1882"
"97","1898"
"6","1900"
"55","1902"
"7","1919"
"39","1953"
"8","1975"
"9","1990"
"19","2003"
"86","2025"
"3","2027"
"116","2069"
"89","2088"
"56","2110"
"68","2126"
"15","2272"
"16","2285"
"44","2299"
"51","2329"
"45","2334"
"72","2357"
"47","2366"
"42","2367"
"98","2387"
"99","2394"
"40","2399"
"17","2461"
"106","2489"
"26","2514"
"139","2519"
"43","2522"
"103","2532"
"73","2573"
"74","2583"
"59","2643"
"13","2674"
"90","2695"
"54","2697"
"76","2751"
"77","2810"
"37","2854"
"91","2859"
"93","2860"
"48","2891"
"92","2930"
"114","2971"
"41","2998"
"46","3026"
"79","3039"
"64","3066"
"124","3098"
"96","3125"
"12","3132"
"81","3146"
"94","3188"
"20","3206"
"50","3300"
"108","3447"
"118","3465"
"119","3466"
"95","3511"
"110","3799"
"117","3817"
"129","4007"
"63","4015"
"14","4030"
"78","4095"
"130","4256"
"120","4262"
"21","4307"
"109","4313"
"135","4315"
"101","4318"
"123","4321"
"22","4322"
"136","4362"
"57","4437"
"58","4439"
"84","4557"
"121","4608"
"140","4619"
"82","4758"
